id,Qy所名,U度,度,水系,河川
109011289902010,水（みずまき）,33.89,130.67999999999998,hR川,hR川
109011289902020,古月山（ふるつきやま）,33.799166666666665,130.7252777777778,hR川,西川
109011289902030,山口（やまぐち）,33.75472222222222,130.58861111111113,hR川,山口川
109011289902040,直方（のおがた）,33.74055555555556,130.7313888888889,hR川,hR川
109011289902050,上野（あがの）,33.731944444444444,130.78472222222223,hR川,福智川
109011289902060,m田（みやた）,33.725,130.67277777777778,hR川,犬Q川
109011289902070,胥~所（さいどうしょ）,33.70527777777778,130.855,hR川,金x川
